<mxGraphModel dx="655" dy="1752" grid="1" gridSize="10" guides="1" tooltips="1" connect="1" arrows="1" fold="1" page="1" pageScale="1" pageWidth="850" pageHeight="1100" background="#ffffff"><root><mxCell id="0"/><mxCell id="1" parent="0"/><mxCell id="2" value="Field" style="swimlane;fontStyle=1;align=center;verticalAlign=top;childLayout=stackLayout;horizontal=1;startSize=26;horizontalStack=0;resizeParent=1;resizeParentMax=0;resizeLast=0;collapsible=1;marginBottom=0;swimlaneFillColor=#ffffff;nodeType=ClassNode;" vertex="1" parent="1"><mxGeometry x="400" y="-82" width="160" height="114" as="geometry"/></mxCell><mxCell id="3" value="+tilemap&#10;+map id&#10;+spawn locations" style="text;strokeColor=none;fillColor=none;align=left;verticalAlign=top;spacingLeft=4;spacingRight=4;overflow=hidden;rotatable=0;points=[[0,0.5],[1,0.5]];portConstraint=eastwest;nodeType=variables;" vertex="1" parent="2"><mxGeometry y="26" width="160" height="54" as="geometry"/></mxCell><mxCell id="4" value="" style="line;strokeWidth=1;fillColor=none;align=left;verticalAlign=middle;spacingTop=-1;spacingLeft=3;spacingRight=3;rotatable=0;labelPosition=right;points=[];portConstraint=eastwest;" vertex="1" parent="2"><mxGeometry y="80" width="160" height="8" as="geometry"/></mxCell><mxCell id="5" value="+spawn" style="text;strokeColor=none;fillColor=none;align=left;verticalAlign=top;spacingLeft=4;spacingRight=4;overflow=hidden;rotatable=0;points=[[0,0.5],[1,0.5]];portConstraint=eastwest;nodeType=methods;" vertex="1" parent="2"><mxGeometry y="88" width="160" height="26" as="geometry"/></mxCell><mxCell id="6" value="Tile" style="swimlane;fontStyle=1;align=center;verticalAlign=top;childLayout=stackLayout;horizontal=1;startSize=26;horizontalStack=0;resizeParent=1;resizeParentMax=0;resizeLast=0;collapsible=1;marginBottom=0;swimlaneFillColor=#ffffff;nodeType=ClassNode;" vertex="1" parent="1"><mxGeometry x="550" y="103" width="170" height="170" as="geometry"/></mxCell><mxCell id="7" value="+cover&#10;+enemy sound&#10;+player sound&#10;+solid&#10;+graphic&#10;location" style="text;strokeColor=none;fillColor=none;align=left;verticalAlign=top;spacingLeft=4;spacingRight=4;overflow=hidden;rotatable=0;points=[[0,0.5],[1,0.5]];portConstraint=eastwest;nodeType=variables;" vertex="1" parent="6"><mxGeometry y="26" width="170" height="94" as="geometry"/></mxCell><mxCell id="8" value="" style="line;strokeWidth=1;fillColor=none;align=left;verticalAlign=middle;spacingTop=-1;spacingLeft=3;spacingRight=3;rotatable=0;labelPosition=right;points=[];portConstraint=eastwest;" vertex="1" parent="6"><mxGeometry y="120" width="170" height="8" as="geometry"/></mxCell><mxCell id="9" value="+to tile, Tile&#10;+way to tile, Tile " style="text;strokeColor=none;fillColor=none;align=left;verticalAlign=top;spacingLeft=4;spacingRight=4;overflow=hidden;rotatable=0;points=[[0,0.5],[1,0.5]];portConstraint=eastwest;nodeType=methods;" vertex="1" parent="6"><mxGeometry y="128" width="170" height="42" as="geometry"/></mxCell><mxCell id="14" value="Empty" style="swimlane;fontStyle=1;align=center;verticalAlign=top;childLayout=stackLayout;horizontal=1;startSize=26;horizontalStack=0;resizeParent=1;resizeParentMax=0;resizeLast=0;collapsible=1;marginBottom=0;swimlaneFillColor=#ffffff;nodeType=ClassNode;" vertex="1" parent="1"><mxGeometry x="390" y="317" width="160" height="100" as="geometry"/></mxCell><mxCell id="15" value="+inside" style="text;strokeColor=none;fillColor=none;align=left;verticalAlign=top;spacingLeft=4;spacingRight=4;overflow=hidden;rotatable=0;points=[[0,0.5],[1,0.5]];portConstraint=eastwest;nodeType=variables;" vertex="1" parent="14"><mxGeometry y="26" width="160" height="26" as="geometry"/></mxCell><mxCell id="16" value="" style="line;strokeWidth=1;fillColor=none;align=left;verticalAlign=middle;spacingTop=-1;spacingLeft=3;spacingRight=3;rotatable=0;labelPosition=right;points=[];portConstraint=eastwest;" vertex="1" parent="14"><mxGeometry y="52" width="160" height="8" as="geometry"/></mxCell><mxCell id="17" value="+includes&#10;+update in" style="text;strokeColor=none;fillColor=none;align=left;verticalAlign=top;spacingLeft=4;spacingRight=4;overflow=hidden;rotatable=0;points=[[0,0.5],[1,0.5]];portConstraint=eastwest;nodeType=methods;" vertex="1" parent="14"><mxGeometry y="60" width="160" height="40" as="geometry"/></mxCell><mxCell id="18" value="Wall" style="swimlane;fontStyle=1;align=center;verticalAlign=top;childLayout=stackLayout;horizontal=1;startSize=26;horizontalStack=0;resizeParent=1;resizeParentMax=0;resizeLast=0;collapsible=1;marginBottom=0;swimlaneFillColor=#ffffff;nodeType=ClassNode;" vertex="1" parent="1"><mxGeometry x="670" y="320" width="160" height="60" as="geometry"/></mxCell><mxCell id="20" value="" style="line;strokeWidth=1;fillColor=none;align=left;verticalAlign=middle;spacingTop=-1;spacingLeft=3;spacingRight=3;rotatable=0;labelPosition=right;points=[];portConstraint=eastwest;" vertex="1" parent="18"><mxGeometry y="26" width="160" height="8" as="geometry"/></mxCell><mxCell id="21" value="+ method(type): type" style="text;strokeColor=none;fillColor=none;align=left;verticalAlign=top;spacingLeft=4;spacingRight=4;overflow=hidden;rotatable=0;points=[[0,0.5],[1,0.5]];portConstraint=eastwest;nodeType=methods;" vertex="1" parent="18"><mxGeometry y="34" width="160" height="26" as="geometry"/></mxCell><mxCell id="22" value="Interactable&#10;(multiple classes, but I &#10;combined them into one)" style="swimlane;fontStyle=1;align=center;verticalAlign=top;childLayout=stackLayout;horizontal=1;startSize=53;horizontalStack=0;resizeParent=1;resizeParentMax=0;resizeLast=0;collapsible=1;marginBottom=0;swimlaneFillColor=#ffffff;nodeType=ClassNode;" vertex="1" parent="1"><mxGeometry x="890" y="320" width="160" height="113" as="geometry"/></mxCell><mxCell id="23" value="+interaction type" style="text;strokeColor=none;fillColor=none;align=left;verticalAlign=top;spacingLeft=4;spacingRight=4;overflow=hidden;rotatable=0;points=[[0,0.5],[1,0.5]];portConstraint=eastwest;nodeType=variables;" vertex="1" parent="22"><mxGeometry y="53" width="160" height="26" as="geometry"/></mxCell><mxCell id="24" value="" style="line;strokeWidth=1;fillColor=none;align=left;verticalAlign=middle;spacingTop=-1;spacingLeft=3;spacingRight=3;rotatable=0;labelPosition=right;points=[];portConstraint=eastwest;" vertex="1" parent="22"><mxGeometry y="79" width="160" height="8" as="geometry"/></mxCell><mxCell id="25" value="+ interact" style="text;strokeColor=none;fillColor=none;align=left;verticalAlign=top;spacingLeft=4;spacingRight=4;overflow=hidden;rotatable=0;points=[[0,0.5],[1,0.5]];portConstraint=eastwest;nodeType=methods;" vertex="1" parent="22"><mxGeometry y="87" width="160" height="26" as="geometry"/></mxCell><mxCell id="27" value="" style="nodeType=INHERITANCE;endArrow=block;endSize=16;endFill=0;html=1;exitX=0.5;exitY=0;entryX=0.506;entryY=1.05;entryPerimeter=0;" edge="1" parent="1" target="17"><mxGeometry width="160" relative="1" as="geometry"><mxPoint x="310" y="470" as="sourcePoint"/><mxPoint x="457" y="548" as="targetPoint"/></mxGeometry></mxCell><mxCell id="28" value="" style="nodeType=INHERITANCE;endArrow=block;endSize=16;endFill=0;html=1;exitX=0.5;exitY=0;entryX=0.312;entryY=1.048;entryPerimeter=0;" edge="1" parent="1" source="14" target="9"><mxGeometry width="160" relative="1" as="geometry"><mxPoint x="590" y="290" as="sourcePoint"/><mxPoint x="601" y="430" as="targetPoint"/></mxGeometry></mxCell><mxCell id="29" value="" style="nodeType=INHERITANCE;endArrow=block;endSize=16;endFill=0;html=1;entryX=0.518;entryY=1;exitX=0.5;exitY=0;entryPerimeter=0;" edge="1" parent="1" source="18" target="9"><mxGeometry width="160" relative="1" as="geometry"><mxPoint x="610" y="386" as="sourcePoint"/><mxPoint x="688" y="433" as="targetPoint"/></mxGeometry></mxCell><mxCell id="30" value="" style="nodeType=INHERITANCE;endArrow=block;endSize=16;endFill=0;html=1;entryX=0.794;entryY=1.024;exitX=0.5;exitY=0;entryPerimeter=0;" edge="1" parent="1" source="22" target="9"><mxGeometry width="160" relative="1" as="geometry"><mxPoint x="690" y="223" as="sourcePoint"/><mxPoint x="956" y="267" as="targetPoint"/></mxGeometry></mxCell><mxCell id="31" value="" style="nodeType=COMPOSITION;endArrow=none;startArrow=diamondThin;startFill=0;startSize=24;html=1;exitX=0.5;exitY=1.269;exitPerimeter=0;entryX=0;entryY=0.5;" edge="1" parent="1" source="66" target="39"><mxGeometry width="160" relative="1" as="geometry"><mxPoint x="753" y="-150" as="sourcePoint"/><mxPoint x="807" y="-85" as="targetPoint"/></mxGeometry></mxCell><mxCell id="32" value="Character" style="swimlane;fontStyle=1;align=center;verticalAlign=top;childLayout=stackLayout;horizontal=1;startSize=26;horizontalStack=0;resizeParent=1;resizeParentMax=0;resizeLast=0;collapsible=1;marginBottom=0;swimlaneFillColor=#ffffff;nodeType=ClassNode;" vertex="1" parent="1"><mxGeometry x="991" y="-166" width="160" height="142" as="geometry"/></mxCell><mxCell id="33" value="+ stats: (dictionary)&#10;+turn count&#10;+state" style="text;strokeColor=none;fillColor=none;align=left;verticalAlign=top;spacingLeft=4;spacingRight=4;overflow=hidden;rotatable=0;points=[[0,0.5],[1,0.5]];portConstraint=eastwest;nodeType=variables;" vertex="1" parent="32"><mxGeometry y="26" width="160" height="54" as="geometry"/></mxCell><mxCell id="34" value="" style="line;strokeWidth=1;fillColor=none;align=left;verticalAlign=middle;spacingTop=-1;spacingLeft=3;spacingRight=3;rotatable=0;labelPosition=right;points=[];portConstraint=eastwest;" vertex="1" parent="32"><mxGeometry y="80" width="160" height="8" as="geometry"/></mxCell><mxCell id="35" value="+move&#10;+attack&#10;+observe" style="text;strokeColor=none;fillColor=none;align=left;verticalAlign=top;spacingLeft=4;spacingRight=4;overflow=hidden;rotatable=0;points=[[0,0.5],[1,0.5]];portConstraint=eastwest;nodeType=methods;" vertex="1" parent="32"><mxGeometry y="88" width="160" height="54" as="geometry"/></mxCell><mxCell id="36" value="Player" style="swimlane;fontStyle=1;align=center;verticalAlign=top;childLayout=stackLayout;horizontal=1;startSize=26;horizontalStack=0;resizeParent=1;resizeParentMax=0;resizeLast=0;collapsible=1;marginBottom=0;swimlaneFillColor=#ffffff;nodeType=ClassNode;" vertex="1" parent="1"><mxGeometry x="911" y="30" width="160" height="120" as="geometry"/></mxCell><mxCell id="37" value="+equipment&#10;+last seen" style="text;strokeColor=none;fillColor=none;align=left;verticalAlign=top;spacingLeft=4;spacingRight=4;overflow=hidden;rotatable=0;points=[[0,0.5],[1,0.5]];portConstraint=eastwest;nodeType=variables;" vertex="1" parent="36"><mxGeometry y="26" width="160" height="44" as="geometry"/></mxCell><mxCell id="38" value="" style="line;strokeWidth=1;fillColor=none;align=left;verticalAlign=middle;spacingTop=-1;spacingLeft=3;spacingRight=3;rotatable=0;labelPosition=right;points=[];portConstraint=eastwest;" vertex="1" parent="36"><mxGeometry y="70" width="160" height="8" as="geometry"/></mxCell><mxCell id="39" value="+make noise (player sound)&#10;+action" style="text;strokeColor=none;fillColor=none;align=left;verticalAlign=top;spacingLeft=4;spacingRight=4;overflow=hidden;rotatable=0;points=[[0,0.5],[1,0.5]];portConstraint=eastwest;nodeType=methods;" vertex="1" parent="36"><mxGeometry y="78" width="160" height="42" as="geometry"/></mxCell><mxCell id="40" value="" style="nodeType=INHERITANCE;endArrow=block;endSize=16;endFill=0;html=1;exitX=0.5;exitY=0;entryX=0.388;entryY=1.093;entryPerimeter=0;" edge="1" parent="1" source="36" target="35"><mxGeometry width="160" relative="1" as="geometry"><mxPoint x="1008" y="-39" as="sourcePoint"/><mxPoint x="933" y="7" as="targetPoint"/></mxGeometry></mxCell><mxCell id="41" value="Enemy" style="swimlane;fontStyle=1;align=center;verticalAlign=top;childLayout=stackLayout;horizontal=1;startSize=26;horizontalStack=0;resizeParent=1;resizeParentMax=0;resizeLast=0;collapsible=1;marginBottom=0;swimlaneFillColor=#ffffff;nodeType=ClassNode;" vertex="1" parent="1"><mxGeometry x="1170" y="33" width="160" height="148" as="geometry"/></mxCell><mxCell id="42" value="+suspicious&#10;+equipment&#10;+last seen&#10;+enemy class&#10;+soldier id" style="text;strokeColor=none;fillColor=none;align=left;verticalAlign=top;spacingLeft=4;spacingRight=4;overflow=hidden;rotatable=0;points=[[0,0.5],[1,0.5]];portConstraint=eastwest;nodeType=variables;" vertex="1" parent="41"><mxGeometry y="26" width="160" height="84" as="geometry"/></mxCell><mxCell id="43" value="" style="line;strokeWidth=1;fillColor=none;align=left;verticalAlign=middle;spacingTop=-1;spacingLeft=3;spacingRight=3;rotatable=0;labelPosition=right;points=[];portConstraint=eastwest;" vertex="1" parent="41"><mxGeometry y="110" width="160" height="8" as="geometry"/></mxCell><mxCell id="44" value="+make noise (enemy sound)" style="text;strokeColor=none;fillColor=none;align=left;verticalAlign=top;spacingLeft=4;spacingRight=4;overflow=hidden;rotatable=0;points=[[0,0.5],[1,0.5]];portConstraint=eastwest;nodeType=methods;" vertex="1" parent="41"><mxGeometry y="118" width="160" height="30" as="geometry"/></mxCell><mxCell id="45" value="" style="nodeType=INHERITANCE;endArrow=block;endSize=16;endFill=0;html=1;entryX=0.681;entryY=1.13;entryPerimeter=0;" edge="1" parent="1" target="35"><mxGeometry width="160" relative="1" as="geometry"><mxPoint x="1230" y="33" as="sourcePoint"/><mxPoint x="1290" y="-51" as="targetPoint"/></mxGeometry></mxCell><mxCell id="46" value="Enemy AI" style="swimlane;fontStyle=1;align=center;verticalAlign=top;childLayout=stackLayout;horizontal=1;startSize=26;horizontalStack=0;resizeParent=1;resizeParentMax=0;resizeLast=0;collapsible=1;marginBottom=0;swimlaneFillColor=#ffffff;nodeType=ClassNode;" vertex="1" parent="1"><mxGeometry x="1040" y="-615" width="160" height="130" as="geometry"/></mxCell><mxCell id="47" value="+enemy types&#10;+common suspicion&#10;+alert stage&#10;" style="text;strokeColor=none;fillColor=none;align=left;verticalAlign=top;spacingLeft=4;spacingRight=4;overflow=hidden;rotatable=0;points=[[0,0.5],[1,0.5]];portConstraint=eastwest;nodeType=variables;" vertex="1" parent="46"><mxGeometry y="26" width="160" height="54" as="geometry"/></mxCell><mxCell id="48" value="" style="line;strokeWidth=1;fillColor=none;align=left;verticalAlign=middle;spacingTop=-1;spacingLeft=3;spacingRight=3;rotatable=0;labelPosition=right;points=[];portConstraint=eastwest;" vertex="1" parent="46"><mxGeometry y="80" width="160" height="8" as="geometry"/></mxCell><mxCell id="49" value="+do turn&#10;+activate enemy" style="text;strokeColor=none;fillColor=none;align=left;verticalAlign=top;spacingLeft=4;spacingRight=4;overflow=hidden;rotatable=0;points=[[0,0.5],[1,0.5]];portConstraint=eastwest;nodeType=methods;" vertex="1" parent="46"><mxGeometry y="88" width="160" height="42" as="geometry"/></mxCell><mxCell id="50" value="Use" style="nodeType=DEPENDENCY;endArrow=open;endSize=12;dashed=1;html=1;" edge="1" parent="1" source="49" target="41"><mxGeometry width="160" relative="1" as="geometry"><mxPoint x="1040" y="-500" as="sourcePoint"/><mxPoint x="1250" y="30" as="targetPoint"/></mxGeometry></mxCell><mxCell id="51" value="Turn" style="swimlane;fontStyle=1;align=center;verticalAlign=top;childLayout=stackLayout;horizontal=1;startSize=26;horizontalStack=0;resizeParent=1;resizeParentMax=0;resizeLast=0;collapsible=1;marginBottom=0;swimlaneFillColor=#ffffff;nodeType=ClassNode;" vertex="1" parent="1"><mxGeometry x="700" y="-390" width="160" height="100" as="geometry"/></mxCell><mxCell id="52" value="+turn number" style="text;strokeColor=none;fillColor=none;align=left;verticalAlign=top;spacingLeft=4;spacingRight=4;overflow=hidden;rotatable=0;points=[[0,0.5],[1,0.5]];portConstraint=eastwest;nodeType=variables;" vertex="1" parent="51"><mxGeometry y="26" width="160" height="26" as="geometry"/></mxCell><mxCell id="53" value="" style="line;strokeWidth=1;fillColor=none;align=left;verticalAlign=middle;spacingTop=-1;spacingLeft=3;spacingRight=3;rotatable=0;labelPosition=right;points=[];portConstraint=eastwest;" vertex="1" parent="51"><mxGeometry y="52" width="160" height="8" as="geometry"/></mxCell><mxCell id="54" value="+turn&#10;+start" style="text;strokeColor=none;fillColor=none;align=left;verticalAlign=top;spacingLeft=4;spacingRight=4;overflow=hidden;rotatable=0;points=[[0,0.5],[1,0.5]];portConstraint=eastwest;nodeType=methods;" vertex="1" parent="51"><mxGeometry y="60" width="160" height="40" as="geometry"/></mxCell><mxCell id="55" value="Use" style="nodeType=DEPENDENCY;endArrow=open;endSize=12;dashed=1;html=1;entryX=0.25;entryY=0;exitX=0.181;exitY=1;exitPerimeter=0;" edge="1" parent="1" source="5" target="14"><mxGeometry width="160" relative="1" as="geometry"><mxPoint x="290" y="190" as="sourcePoint"/><mxPoint x="450" y="190" as="targetPoint"/></mxGeometry></mxCell><mxCell id="56" value="Use" style="nodeType=DEPENDENCY;endArrow=open;endSize=12;dashed=1;html=1;exitX=0.238;exitY=1.025;exitPerimeter=0;entryX=1;entryY=0.5;" edge="1" parent="1" source="54" target="5"><mxGeometry width="160" relative="1" as="geometry"><mxPoint x="590" y="-180" as="sourcePoint"/><mxPoint x="750" y="-180" as="targetPoint"/></mxGeometry></mxCell><mxCell id="57" value="Use" style="nodeType=DEPENDENCY;endArrow=open;endSize=12;dashed=1;html=1;exitX=1;exitY=0.5;entryX=0;entryY=0.5;" edge="1" parent="1" source="54" target="49"><mxGeometry width="160" relative="1" as="geometry"><mxPoint x="870" y="-290" as="sourcePoint"/><mxPoint x="1030" y="-290" as="targetPoint"/></mxGeometry></mxCell><mxCell id="58" value="Use" style="nodeType=DEPENDENCY;endArrow=open;endSize=12;dashed=1;html=1;entryX=0.006;entryY=0.113;entryPerimeter=0;exitX=1;exitY=0.5;" edge="1" parent="1" source="3" target="32"><mxGeometry width="160" relative="1" as="geometry"><mxPoint x="660" y="20" as="sourcePoint"/><mxPoint x="820" y="20" as="targetPoint"/></mxGeometry></mxCell><mxCell id="59" value="" style="nodeType=ASSOCIATION;endArrow=open;startArrow=open;endFill=1;startFill=1;html=1;exitX=1;exitY=0.5;entryX=0;entryY=0.5;" edge="1" parent="1" source="7" target="39"><mxGeometry width="160" relative="1" as="geometry"><mxPoint x="820" y="230" as="sourcePoint"/><mxPoint x="980" y="230" as="targetPoint"/></mxGeometry></mxCell><mxCell id="60" value="" style="nodeType=ASSOCIATION;endArrow=open;startArrow=open;endFill=1;startFill=1;html=1;exitX=1;exitY=0.5;entryX=0;entryY=0.5;" edge="1" parent="1" source="7" target="44"><mxGeometry width="160" relative="1" as="geometry"><mxPoint x="1000" y="220" as="sourcePoint"/><mxPoint x="1160" y="220" as="targetPoint"/></mxGeometry></mxCell><mxCell id="61" value="Use" style="nodeType=DEPENDENCY;endArrow=open;endSize=12;dashed=1;html=1;exitX=0.506;exitY=1.024;exitPerimeter=0;entryX=0.5;entryY=0;" edge="1" parent="1" source="39" target="22"><mxGeometry width="160" relative="1" as="geometry"><mxPoint x="970" y="250" as="sourcePoint"/><mxPoint x="1130" y="250" as="targetPoint"/></mxGeometry></mxCell><mxCell id="62" value="" style="nodeType=ASSOCIATION;endArrow=open;startArrow=open;endFill=1;startFill=1;html=1;entryX=0;entryY=0.5;exitX=1;exitY=0.5;" edge="1" parent="1" source="39" target="44"><mxGeometry width="160" relative="1" as="geometry"><mxPoint x="1060" y="130" as="sourcePoint"/><mxPoint x="1220" y="130" as="targetPoint"/></mxGeometry></mxCell><mxCell id="63" value="GUI" style="swimlane;fontStyle=1;align=center;verticalAlign=top;childLayout=stackLayout;horizontal=1;startSize=26;horizontalStack=0;resizeParent=1;resizeParentMax=0;resizeLast=0;collapsible=1;marginBottom=0;swimlaneFillColor=#ffffff;nodeType=ClassNode;" vertex="1" parent="1"><mxGeometry x="440" y="-219" width="160" height="70" as="geometry"/></mxCell><mxCell id="65" value="" style="line;strokeWidth=1;fillColor=none;align=left;verticalAlign=middle;spacingTop=-1;spacingLeft=3;spacingRight=3;rotatable=0;labelPosition=right;points=[];portConstraint=eastwest;" vertex="1" parent="63"><mxGeometry y="26" width="160" height="8" as="geometry"/></mxCell><mxCell id="66" value="+ask for action&#10;+do action" style="text;strokeColor=none;fillColor=none;align=left;verticalAlign=top;spacingLeft=4;spacingRight=4;overflow=hidden;rotatable=0;points=[[0,0.5],[1,0.5]];portConstraint=eastwest;nodeType=methods;" vertex="1" parent="63"><mxGeometry y="34" width="160" height="36" as="geometry"/></mxCell><mxCell id="67" value="" style="nodeType=AGGREGATION;endArrow=none;startArrow=diamondThin;startFill=1;startSize=24;html=1;exitX=0.6;exitY=1.192;exitPerimeter=0;entryX=0.5;entryY=0;" edge="1" parent="1" source="5" target="6"><mxGeometry width="160" relative="1" as="geometry"><mxPoint x="640" y="70" as="sourcePoint"/><mxPoint x="800" y="70" as="targetPoint"/></mxGeometry></mxCell><mxCell id="68" value="Graphics" style="swimlane;fontStyle=1;align=center;verticalAlign=top;childLayout=stackLayout;horizontal=1;startSize=26;horizontalStack=0;resizeParent=1;resizeParentMax=0;resizeLast=0;collapsible=1;marginBottom=0;swimlaneFillColor=#ffffff;nodeType=ClassNode;" vertex="1" parent="1"><mxGeometry x="190" y="-310" width="160" height="74" as="geometry"/></mxCell><mxCell id="70" value="" style="line;strokeWidth=1;fillColor=none;align=left;verticalAlign=middle;spacingTop=-1;spacingLeft=3;spacingRight=3;rotatable=0;labelPosition=right;points=[];portConstraint=eastwest;" vertex="1" parent="68"><mxGeometry y="26" width="160" height="8" as="geometry"/></mxCell><mxCell id="71" value="+draw object&#10;+update" style="text;strokeColor=none;fillColor=none;align=left;verticalAlign=top;spacingLeft=4;spacingRight=4;overflow=hidden;rotatable=0;points=[[0,0.5],[1,0.5]];portConstraint=eastwest;nodeType=methods;" vertex="1" parent="68"><mxGeometry y="34" width="160" height="40" as="geometry"/></mxCell><mxCell id="72" value="Use" style="nodeType=DEPENDENCY;endArrow=open;endSize=12;dashed=1;html=1;exitX=0.019;exitY=0.75;exitPerimeter=0;entryX=1;entryY=0.5;" edge="1" parent="1" source="54" target="71"><mxGeometry width="160" relative="1" as="geometry"><mxPoint x="430" y="-400" as="sourcePoint"/><mxPoint x="590" y="-400" as="targetPoint"/></mxGeometry></mxCell><mxCell id="74" value="Use" style="nodeType=DEPENDENCY;endArrow=open;endSize=12;dashed=1;html=1;entryX=1;entryY=0.5;" edge="1" parent="1" source="54" target="66"><mxGeometry width="160" relative="1" as="geometry"><mxPoint x="500" y="-270" as="sourcePoint"/><mxPoint x="660" y="-270" as="targetPoint"/></mxGeometry></mxCell><mxCell id="75" value="" style="nodeType=DIRECTIONAL_ASSOCIATION;endArrow=open;endFill=1;startFill=1;html=1;entryX=0.406;entryY=1.05;entryPerimeter=0;exitX=1;exitY=0.5;" edge="1" parent="1" source="66" target="54"><mxGeometry width="160" relative="1" as="geometry"><mxPoint x="500" y="-270" as="sourcePoint"/><mxPoint x="660" y="-270" as="targetPoint"/></mxGeometry></mxCell><mxCell id="76" value="Use" style="nodeType=DEPENDENCY;endArrow=open;endSize=12;dashed=1;html=1;exitX=0;exitY=0.5;entryX=0.413;entryY=1.125;entryPerimeter=0;" edge="1" parent="1" source="5" target="71"><mxGeometry width="160" relative="1" as="geometry"><mxPoint x="310" as="sourcePoint"/><mxPoint x="470" as="targetPoint"/></mxGeometry></mxCell><mxCell id="77" value="Use" style="nodeType=DEPENDENCY;endArrow=open;endSize=12;dashed=1;html=1;exitX=0;exitY=0.885;exitPerimeter=0;entryX=1.025;entryY=0.7;entryPerimeter=0;" edge="1" parent="1" target="71"><mxGeometry width="160" relative="1" as="geometry"><mxPoint x="440" y="-170" as="sourcePoint"/><mxPoint x="290" y="-40" as="targetPoint"/></mxGeometry></mxCell><mxCell id="79" value="" style="nodeType=DIRECTIONAL_ASSOCIATION;endArrow=open;endFill=1;startFill=1;html=1;exitX=0.6;exitY=1.025;exitPerimeter=0;entryX=0;entryY=0.5;" edge="1" parent="1" source="71" target="5"><mxGeometry width="160" relative="1" as="geometry"><mxPoint x="230" y="-60" as="sourcePoint"/><mxPoint x="390" y="-60" as="targetPoint"/></mxGeometry></mxCell><mxCell id="80" value="Use" style="nodeType=DEPENDENCY;endArrow=open;endSize=12;dashed=1;html=1;entryX=1.013;entryY=0.225;entryPerimeter=0;exitX=0;exitY=0.5;" edge="1" parent="1" source="49" target="71"><mxGeometry width="160" relative="1" as="geometry"><mxPoint x="820" y="-550" as="sourcePoint"/><mxPoint x="980" y="-550" as="targetPoint"/></mxGeometry></mxCell><mxCell id="81" value="Menu" style="swimlane;fontStyle=1;align=center;verticalAlign=top;childLayout=stackLayout;horizontal=1;startSize=26;horizontalStack=0;resizeParent=1;resizeParentMax=0;resizeLast=0;collapsible=1;marginBottom=0;swimlaneFillColor=#ffffff;nodeType=ClassNode;" vertex="1" parent="1"><mxGeometry x="380" y="-621" width="160" height="120" as="geometry"/></mxCell><mxCell id="82" value="+ field: type" style="text;strokeColor=none;fillColor=none;align=left;verticalAlign=top;spacingLeft=4;spacingRight=4;overflow=hidden;rotatable=0;points=[[0,0.5],[1,0.5]];portConstraint=eastwest;nodeType=variables;" vertex="1" parent="81"><mxGeometry y="26" width="160" height="26" as="geometry"/></mxCell><mxCell id="83" value="" style="line;strokeWidth=1;fillColor=none;align=left;verticalAlign=middle;spacingTop=-1;spacingLeft=3;spacingRight=3;rotatable=0;labelPosition=right;points=[];portConstraint=eastwest;" vertex="1" parent="81"><mxGeometry y="52" width="160" height="8" as="geometry"/></mxCell><mxCell id="84" value="+start game&#10;+save game&#10;+load game" style="text;strokeColor=none;fillColor=none;align=left;verticalAlign=top;spacingLeft=4;spacingRight=4;overflow=hidden;rotatable=0;points=[[0,0.5],[1,0.5]];portConstraint=eastwest;nodeType=methods;" vertex="1" parent="81"><mxGeometry y="60" width="160" height="60" as="geometry"/></mxCell><mxCell id="85" value="Use" style="nodeType=DEPENDENCY;endArrow=open;endSize=12;dashed=1;html=1;exitX=0.5;exitY=0;entryX=0.513;entryY=1.05;entryPerimeter=0;" edge="1" parent="1" source="63" target="84"><mxGeometry width="160" relative="1" as="geometry"><mxPoint x="440" y="-400" as="sourcePoint"/><mxPoint x="600" y="-400" as="targetPoint"/></mxGeometry></mxCell><mxCell id="86" value="Use" style="nodeType=DEPENDENCY;endArrow=open;endSize=12;dashed=1;html=1;exitX=1;exitY=0.5;entryX=0.5;entryY=0;" edge="1" parent="1" source="84" target="51"><mxGeometry width="160" relative="1" as="geometry"><mxPoint x="560" y="-540" as="sourcePoint"/><mxPoint x="720" y="-540" as="targetPoint"/></mxGeometry></mxCell><mxCell id="87" value="" style="nodeType=DIRECTIONAL_ASSOCIATION;endArrow=open;endFill=1;startFill=1;html=1;exitX=0.663;exitY=1.033;exitPerimeter=0;entryX=0.325;entryY=0.025;entryPerimeter=0;" edge="1" parent="1" source="84" target="36"><mxGeometry width="160" relative="1" as="geometry"><mxPoint x="540" y="-470" as="sourcePoint"/><mxPoint x="700" y="-470" as="targetPoint"/></mxGeometry></mxCell><mxCell id="88" value="" style="nodeType=DIRECTIONAL_ASSOCIATION;endArrow=open;endFill=1;startFill=1;html=1;exitX=0.119;exitY=1.033;exitPerimeter=0;entryX=0.25;entryY=0;" edge="1" parent="1" source="84" target="2"><mxGeometry width="160" relative="1" as="geometry"><mxPoint x="230" y="-440" as="sourcePoint"/><mxPoint x="390" y="-440" as="targetPoint"/></mxGeometry></mxCell><mxCell id="89" value="" style="nodeType=INHERITANCE;endArrow=block;endSize=16;endFill=0;html=1;entryX=0.706;entryY=1.025;entryPerimeter=0;exitX=0.5;exitY=0;" edge="1" parent="1" source="90" target="17"><mxGeometry width="160" relative="1" as="geometry"><mxPoint x="590" y="509" as="sourcePoint"/><mxPoint x="511" y="423" as="targetPoint"/></mxGeometry></mxCell><mxCell id="90" value="Cover" style="swimlane;fontStyle=1;align=center;verticalAlign=top;childLayout=stackLayout;horizontal=1;startSize=26;horizontalStack=0;resizeParent=1;resizeParentMax=0;resizeLast=0;collapsible=1;marginBottom=0;swimlaneFillColor=#ffffff;nodeType=ClassNode;" vertex="1" parent="1"><mxGeometry x="550" y="513" width="160" height="60" as="geometry"/></mxCell><mxCell id="91" value="cover type" style="text;strokeColor=none;fillColor=none;align=left;verticalAlign=top;spacingLeft=4;spacingRight=4;overflow=hidden;rotatable=0;points=[[0,0.5],[1,0.5]];portConstraint=eastwest;nodeType=variables;" vertex="1" parent="90"><mxGeometry y="26" width="160" height="26" as="geometry"/></mxCell><mxCell id="92" value="" style="line;strokeWidth=1;fillColor=none;align=left;verticalAlign=middle;spacingTop=-1;spacingLeft=3;spacingRight=3;rotatable=0;labelPosition=right;points=[];portConstraint=eastwest;" vertex="1" parent="90"><mxGeometry y="52" width="160" height="8" as="geometry"/></mxCell><mxCell id="95" value="Field" style="swimlane;fontStyle=1;align=center;verticalAlign=top;childLayout=stackLayout;horizontal=1;startSize=26;horizontalStack=0;resizeParent=1;resizeParentMax=0;resizeLast=0;collapsible=1;marginBottom=0;swimlaneFillColor=#ffffff;nodeType=ClassNode;" vertex="1" parent="1"><mxGeometry x="400" y="-82" width="160" height="114" as="geometry"/></mxCell><mxCell id="96" value="+tilemap&#10;+map id&#10;+spawn locations" style="text;strokeColor=none;fillColor=none;align=left;verticalAlign=top;spacingLeft=4;spacingRight=4;overflow=hidden;rotatable=0;points=[[0,0.5],[1,0.5]];portConstraint=eastwest;nodeType=variables;" vertex="1" parent="95"><mxGeometry y="26" width="160" height="54" as="geometry"/></mxCell><mxCell id="97" value="" style="line;strokeWidth=1;fillColor=none;align=left;verticalAlign=middle;spacingTop=-1;spacingLeft=3;spacingRight=3;rotatable=0;labelPosition=right;points=[];portConstraint=eastwest;" vertex="1" parent="95"><mxGeometry y="80" width="160" height="8" as="geometry"/></mxCell><mxCell id="98" value="+spawn" style="text;strokeColor=none;fillColor=none;align=left;verticalAlign=top;spacingLeft=4;spacingRight=4;overflow=hidden;rotatable=0;points=[[0,0.5],[1,0.5]];portConstraint=eastwest;nodeType=methods;" vertex="1" parent="95"><mxGeometry y="88" width="160" height="26" as="geometry"/></mxCell><mxCell id="99" value="Tile" style="swimlane;fontStyle=1;align=center;verticalAlign=top;childLayout=stackLayout;horizontal=1;startSize=26;horizontalStack=0;resizeParent=1;resizeParentMax=0;resizeLast=0;collapsible=1;marginBottom=0;swimlaneFillColor=#ffffff;nodeType=ClassNode;" vertex="1" parent="1"><mxGeometry x="550" y="103" width="170" height="170" as="geometry"/></mxCell><mxCell id="100" value="+cover&#10;+enemy sound&#10;+player sound&#10;+solid&#10;+graphic&#10;location" style="text;strokeColor=none;fillColor=none;align=left;verticalAlign=top;spacingLeft=4;spacingRight=4;overflow=hidden;rotatable=0;points=[[0,0.5],[1,0.5]];portConstraint=eastwest;nodeType=variables;" vertex="1" parent="99"><mxGeometry y="26" width="170" height="94" as="geometry"/></mxCell><mxCell id="101" value="" style="line;strokeWidth=1;fillColor=none;align=left;verticalAlign=middle;spacingTop=-1;spacingLeft=3;spacingRight=3;rotatable=0;labelPosition=right;points=[];portConstraint=eastwest;" vertex="1" parent="99"><mxGeometry y="120" width="170" height="8" as="geometry"/></mxCell><mxCell id="102" value="+to tile, Tile&#10;+way to tile, Tile " style="text;strokeColor=none;fillColor=none;align=left;verticalAlign=top;spacingLeft=4;spacingRight=4;overflow=hidden;rotatable=0;points=[[0,0.5],[1,0.5]];portConstraint=eastwest;nodeType=methods;" vertex="1" parent="99"><mxGeometry y="128" width="170" height="42" as="geometry"/></mxCell><mxCell id="106" value="Empty" style="swimlane;fontStyle=1;align=center;verticalAlign=top;childLayout=stackLayout;horizontal=1;startSize=26;horizontalStack=0;resizeParent=1;resizeParentMax=0;resizeLast=0;collapsible=1;marginBottom=0;swimlaneFillColor=#ffffff;nodeType=ClassNode;" vertex="1" parent="1"><mxGeometry x="390" y="317" width="160" height="100" as="geometry"/></mxCell><mxCell id="107" value="+inside" style="text;strokeColor=none;fillColor=none;align=left;verticalAlign=top;spacingLeft=4;spacingRight=4;overflow=hidden;rotatable=0;points=[[0,0.5],[1,0.5]];portConstraint=eastwest;nodeType=variables;" vertex="1" parent="106"><mxGeometry y="26" width="160" height="26" as="geometry"/></mxCell><mxCell id="108" value="" style="line;strokeWidth=1;fillColor=none;align=left;verticalAlign=middle;spacingTop=-1;spacingLeft=3;spacingRight=3;rotatable=0;labelPosition=right;points=[];portConstraint=eastwest;" vertex="1" parent="106"><mxGeometry y="52" width="160" height="8" as="geometry"/></mxCell><mxCell id="109" value="+includes&#10;+update in" style="text;strokeColor=none;fillColor=none;align=left;verticalAlign=top;spacingLeft=4;spacingRight=4;overflow=hidden;rotatable=0;points=[[0,0.5],[1,0.5]];portConstraint=eastwest;nodeType=methods;" vertex="1" parent="106"><mxGeometry y="60" width="160" height="40" as="geometry"/></mxCell><mxCell id="110" value="Wall" style="swimlane;fontStyle=1;align=center;verticalAlign=top;childLayout=stackLayout;horizontal=1;startSize=26;horizontalStack=0;resizeParent=1;resizeParentMax=0;resizeLast=0;collapsible=1;marginBottom=0;swimlaneFillColor=#ffffff;nodeType=ClassNode;" vertex="1" parent="1"><mxGeometry x="670" y="320" width="160" height="60" as="geometry"/></mxCell><mxCell id="111" value="" style="line;strokeWidth=1;fillColor=none;align=left;verticalAlign=middle;spacingTop=-1;spacingLeft=3;spacingRight=3;rotatable=0;labelPosition=right;points=[];portConstraint=eastwest;" vertex="1" parent="110"><mxGeometry y="26" width="160" height="8" as="geometry"/></mxCell><mxCell id="112" value="+ method(type): type" style="text;strokeColor=none;fillColor=none;align=left;verticalAlign=top;spacingLeft=4;spacingRight=4;overflow=hidden;rotatable=0;points=[[0,0.5],[1,0.5]];portConstraint=eastwest;nodeType=methods;" vertex="1" parent="110"><mxGeometry y="34" width="160" height="26" as="geometry"/></mxCell><mxCell id="113" value="Interactable&#10;(multiple classes, but I &#10;combined them into one)" style="swimlane;fontStyle=1;align=center;verticalAlign=top;childLayout=stackLayout;horizontal=1;startSize=53;horizontalStack=0;resizeParent=1;resizeParentMax=0;resizeLast=0;collapsible=1;marginBottom=0;swimlaneFillColor=#ffffff;nodeType=ClassNode;" vertex="1" parent="1"><mxGeometry x="890" y="320" width="160" height="113" as="geometry"/></mxCell><mxCell id="114" value="+interaction type" style="text;strokeColor=none;fillColor=none;align=left;verticalAlign=top;spacingLeft=4;spacingRight=4;overflow=hidden;rotatable=0;points=[[0,0.5],[1,0.5]];portConstraint=eastwest;nodeType=variables;" vertex="1" parent="113"><mxGeometry y="53" width="160" height="26" as="geometry"/></mxCell><mxCell id="115" value="" style="line;strokeWidth=1;fillColor=none;align=left;verticalAlign=middle;spacingTop=-1;spacingLeft=3;spacingRight=3;rotatable=0;labelPosition=right;points=[];portConstraint=eastwest;" vertex="1" parent="113"><mxGeometry y="79" width="160" height="8" as="geometry"/></mxCell><mxCell id="116" value="+ interact" style="text;strokeColor=none;fillColor=none;align=left;verticalAlign=top;spacingLeft=4;spacingRight=4;overflow=hidden;rotatable=0;points=[[0,0.5],[1,0.5]];portConstraint=eastwest;nodeType=methods;" vertex="1" parent="113"><mxGeometry y="87" width="160" height="26" as="geometry"/></mxCell><mxCell id="117" value="" style="nodeType=INHERITANCE;endArrow=block;endSize=16;endFill=0;html=1;exitX=0.5;exitY=0;entryX=0.506;entryY=1.05;entryPerimeter=0;" edge="1" target="109" parent="1"><mxGeometry width="160" relative="1" as="geometry"><mxPoint x="310" y="470" as="sourcePoint"/><mxPoint x="457" y="548" as="targetPoint"/></mxGeometry></mxCell><mxCell id="118" value="" style="nodeType=INHERITANCE;endArrow=block;endSize=16;endFill=0;html=1;exitX=0.5;exitY=0;entryX=0.312;entryY=1.048;entryPerimeter=0;" edge="1" source="106" target="102" parent="1"><mxGeometry width="160" relative="1" as="geometry"><mxPoint x="590" y="290" as="sourcePoint"/><mxPoint x="601" y="430" as="targetPoint"/></mxGeometry></mxCell><mxCell id="119" value="" style="nodeType=INHERITANCE;endArrow=block;endSize=16;endFill=0;html=1;entryX=0.518;entryY=1;exitX=0.5;exitY=0;entryPerimeter=0;" edge="1" source="110" target="102" parent="1"><mxGeometry width="160" relative="1" as="geometry"><mxPoint x="610" y="386" as="sourcePoint"/><mxPoint x="688" y="433" as="targetPoint"/></mxGeometry></mxCell><mxCell id="120" value="" style="nodeType=INHERITANCE;endArrow=block;endSize=16;endFill=0;html=1;entryX=0.794;entryY=1.024;exitX=0.5;exitY=0;entryPerimeter=0;" edge="1" source="113" target="102" parent="1"><mxGeometry width="160" relative="1" as="geometry"><mxPoint x="690" y="223" as="sourcePoint"/><mxPoint x="956" y="267" as="targetPoint"/></mxGeometry></mxCell><mxCell id="121" value="" style="nodeType=COMPOSITION;endArrow=none;startArrow=diamondThin;startFill=0;startSize=24;html=1;exitX=0.5;exitY=1.269;exitPerimeter=0;entryX=0;entryY=0.5;" edge="1" source="155" target="129" parent="1"><mxGeometry width="160" relative="1" as="geometry"><mxPoint x="753" y="-150" as="sourcePoint"/><mxPoint x="807" y="-85" as="targetPoint"/></mxGeometry></mxCell><mxCell id="122" value="Character" style="swimlane;fontStyle=1;align=center;verticalAlign=top;childLayout=stackLayout;horizontal=1;startSize=26;horizontalStack=0;resizeParent=1;resizeParentMax=0;resizeLast=0;collapsible=1;marginBottom=0;swimlaneFillColor=#ffffff;nodeType=ClassNode;" vertex="1" parent="1"><mxGeometry x="991" y="-166" width="160" height="142" as="geometry"/></mxCell><mxCell id="123" value="+ stats: (dictionary)&#10;+turn count&#10;+state" style="text;strokeColor=none;fillColor=none;align=left;verticalAlign=top;spacingLeft=4;spacingRight=4;overflow=hidden;rotatable=0;points=[[0,0.5],[1,0.5]];portConstraint=eastwest;nodeType=variables;" vertex="1" parent="122"><mxGeometry y="26" width="160" height="54" as="geometry"/></mxCell><mxCell id="124" value="" style="line;strokeWidth=1;fillColor=none;align=left;verticalAlign=middle;spacingTop=-1;spacingLeft=3;spacingRight=3;rotatable=0;labelPosition=right;points=[];portConstraint=eastwest;" vertex="1" parent="122"><mxGeometry y="80" width="160" height="8" as="geometry"/></mxCell><mxCell id="125" value="+move&#10;+attack&#10;+observe" style="text;strokeColor=none;fillColor=none;align=left;verticalAlign=top;spacingLeft=4;spacingRight=4;overflow=hidden;rotatable=0;points=[[0,0.5],[1,0.5]];portConstraint=eastwest;nodeType=methods;" vertex="1" parent="122"><mxGeometry y="88" width="160" height="54" as="geometry"/></mxCell><mxCell id="126" value="Player" style="swimlane;fontStyle=1;align=center;verticalAlign=top;childLayout=stackLayout;horizontal=1;startSize=26;horizontalStack=0;resizeParent=1;resizeParentMax=0;resizeLast=0;collapsible=1;marginBottom=0;swimlaneFillColor=#ffffff;nodeType=ClassNode;" vertex="1" parent="1"><mxGeometry x="911" y="30" width="160" height="120" as="geometry"/></mxCell><mxCell id="127" value="+equipment&#10;+last seen" style="text;strokeColor=none;fillColor=none;align=left;verticalAlign=top;spacingLeft=4;spacingRight=4;overflow=hidden;rotatable=0;points=[[0,0.5],[1,0.5]];portConstraint=eastwest;nodeType=variables;" vertex="1" parent="126"><mxGeometry y="26" width="160" height="44" as="geometry"/></mxCell><mxCell id="128" value="" style="line;strokeWidth=1;fillColor=none;align=left;verticalAlign=middle;spacingTop=-1;spacingLeft=3;spacingRight=3;rotatable=0;labelPosition=right;points=[];portConstraint=eastwest;" vertex="1" parent="126"><mxGeometry y="70" width="160" height="8" as="geometry"/></mxCell><mxCell id="129" value="+make noise (player sound)&#10;+action" style="text;strokeColor=none;fillColor=none;align=left;verticalAlign=top;spacingLeft=4;spacingRight=4;overflow=hidden;rotatable=0;points=[[0,0.5],[1,0.5]];portConstraint=eastwest;nodeType=methods;" vertex="1" parent="126"><mxGeometry y="78" width="160" height="42" as="geometry"/></mxCell><mxCell id="130" value="" style="nodeType=INHERITANCE;endArrow=block;endSize=16;endFill=0;html=1;exitX=0.5;exitY=0;entryX=0.388;entryY=1.093;entryPerimeter=0;" edge="1" source="126" target="125" parent="1"><mxGeometry width="160" relative="1" as="geometry"><mxPoint x="1008" y="-39" as="sourcePoint"/><mxPoint x="933" y="7" as="targetPoint"/></mxGeometry></mxCell><mxCell id="131" value="Enemy" style="swimlane;fontStyle=1;align=center;verticalAlign=top;childLayout=stackLayout;horizontal=1;startSize=26;horizontalStack=0;resizeParent=1;resizeParentMax=0;resizeLast=0;collapsible=1;marginBottom=0;swimlaneFillColor=#ffffff;nodeType=ClassNode;" vertex="1" parent="1"><mxGeometry x="1170" y="33" width="160" height="148" as="geometry"/></mxCell><mxCell id="132" value="+suspicious&#10;+equipment&#10;+last seen&#10;+enemy class&#10;+soldier id" style="text;strokeColor=none;fillColor=none;align=left;verticalAlign=top;spacingLeft=4;spacingRight=4;overflow=hidden;rotatable=0;points=[[0,0.5],[1,0.5]];portConstraint=eastwest;nodeType=variables;" vertex="1" parent="131"><mxGeometry y="26" width="160" height="84" as="geometry"/></mxCell><mxCell id="133" value="" style="line;strokeWidth=1;fillColor=none;align=left;verticalAlign=middle;spacingTop=-1;spacingLeft=3;spacingRight=3;rotatable=0;labelPosition=right;points=[];portConstraint=eastwest;" vertex="1" parent="131"><mxGeometry y="110" width="160" height="8" as="geometry"/></mxCell><mxCell id="134" value="+make noise (enemy sound)" style="text;strokeColor=none;fillColor=none;align=left;verticalAlign=top;spacingLeft=4;spacingRight=4;overflow=hidden;rotatable=0;points=[[0,0.5],[1,0.5]];portConstraint=eastwest;nodeType=methods;" vertex="1" parent="131"><mxGeometry y="118" width="160" height="30" as="geometry"/></mxCell><mxCell id="135" value="" style="nodeType=INHERITANCE;endArrow=block;endSize=16;endFill=0;html=1;entryX=0.681;entryY=1.13;entryPerimeter=0;" edge="1" target="125" parent="1"><mxGeometry width="160" relative="1" as="geometry"><mxPoint x="1230" y="33" as="sourcePoint"/><mxPoint x="1290" y="-51" as="targetPoint"/></mxGeometry></mxCell><mxCell id="136" value="Enemy AI" style="swimlane;fontStyle=1;align=center;verticalAlign=top;childLayout=stackLayout;horizontal=1;startSize=26;horizontalStack=0;resizeParent=1;resizeParentMax=0;resizeLast=0;collapsible=1;marginBottom=0;swimlaneFillColor=#ffffff;nodeType=ClassNode;" vertex="1" parent="1"><mxGeometry x="1040" y="-615" width="160" height="130" as="geometry"/></mxCell><mxCell id="137" value="+enemy types&#10;+common suspicion&#10;+alert stage&#10;" style="text;strokeColor=none;fillColor=none;align=left;verticalAlign=top;spacingLeft=4;spacingRight=4;overflow=hidden;rotatable=0;points=[[0,0.5],[1,0.5]];portConstraint=eastwest;nodeType=variables;" vertex="1" parent="136"><mxGeometry y="26" width="160" height="54" as="geometry"/></mxCell><mxCell id="138" value="" style="line;strokeWidth=1;fillColor=none;align=left;verticalAlign=middle;spacingTop=-1;spacingLeft=3;spacingRight=3;rotatable=0;labelPosition=right;points=[];portConstraint=eastwest;" vertex="1" parent="136"><mxGeometry y="80" width="160" height="8" as="geometry"/></mxCell><mxCell id="139" value="+do turn&#10;+activate enemy" style="text;strokeColor=none;fillColor=none;align=left;verticalAlign=top;spacingLeft=4;spacingRight=4;overflow=hidden;rotatable=0;points=[[0,0.5],[1,0.5]];portConstraint=eastwest;nodeType=methods;" vertex="1" parent="136"><mxGeometry y="88" width="160" height="42" as="geometry"/></mxCell><mxCell id="140" value="Use" style="nodeType=DEPENDENCY;endArrow=open;endSize=12;dashed=1;html=1;" edge="1" source="139" target="131" parent="1"><mxGeometry width="160" relative="1" as="geometry"><mxPoint x="1040" y="-500" as="sourcePoint"/><mxPoint x="1250" y="30" as="targetPoint"/></mxGeometry></mxCell><mxCell id="141" value="Turn" style="swimlane;fontStyle=1;align=center;verticalAlign=top;childLayout=stackLayout;horizontal=1;startSize=26;horizontalStack=0;resizeParent=1;resizeParentMax=0;resizeLast=0;collapsible=1;marginBottom=0;swimlaneFillColor=#ffffff;nodeType=ClassNode;" vertex="1" parent="1"><mxGeometry x="700" y="-390" width="160" height="100" as="geometry"/></mxCell><mxCell id="142" value="+turn number" style="text;strokeColor=none;fillColor=none;align=left;verticalAlign=top;spacingLeft=4;spacingRight=4;overflow=hidden;rotatable=0;points=[[0,0.5],[1,0.5]];portConstraint=eastwest;nodeType=variables;" vertex="1" parent="141"><mxGeometry y="26" width="160" height="26" as="geometry"/></mxCell><mxCell id="143" value="" style="line;strokeWidth=1;fillColor=none;align=left;verticalAlign=middle;spacingTop=-1;spacingLeft=3;spacingRight=3;rotatable=0;labelPosition=right;points=[];portConstraint=eastwest;" vertex="1" parent="141"><mxGeometry y="52" width="160" height="8" as="geometry"/></mxCell><mxCell id="144" value="+turn&#10;+start" style="text;strokeColor=none;fillColor=none;align=left;verticalAlign=top;spacingLeft=4;spacingRight=4;overflow=hidden;rotatable=0;points=[[0,0.5],[1,0.5]];portConstraint=eastwest;nodeType=methods;" vertex="1" parent="141"><mxGeometry y="60" width="160" height="40" as="geometry"/></mxCell><mxCell id="145" value="Use" style="nodeType=DEPENDENCY;endArrow=open;endSize=12;dashed=1;html=1;entryX=0.25;entryY=0;exitX=0.181;exitY=1;exitPerimeter=0;" edge="1" source="98" target="106" parent="1"><mxGeometry width="160" relative="1" as="geometry"><mxPoint x="290" y="190" as="sourcePoint"/><mxPoint x="450" y="190" as="targetPoint"/></mxGeometry></mxCell><mxCell id="146" value="Use" style="nodeType=DEPENDENCY;endArrow=open;endSize=12;dashed=1;html=1;exitX=0.238;exitY=1.025;exitPerimeter=0;entryX=1;entryY=0.5;" edge="1" source="144" target="98" parent="1"><mxGeometry width="160" relative="1" as="geometry"><mxPoint x="590" y="-180" as="sourcePoint"/><mxPoint x="750" y="-180" as="targetPoint"/></mxGeometry></mxCell><mxCell id="147" value="Use" style="nodeType=DEPENDENCY;endArrow=open;endSize=12;dashed=1;html=1;exitX=1;exitY=0.5;entryX=0;entryY=0.5;" edge="1" source="144" target="139" parent="1"><mxGeometry width="160" relative="1" as="geometry"><mxPoint x="870" y="-290" as="sourcePoint"/><mxPoint x="1030" y="-290" as="targetPoint"/></mxGeometry></mxCell><mxCell id="148" value="Use" style="nodeType=DEPENDENCY;endArrow=open;endSize=12;dashed=1;html=1;entryX=0.006;entryY=0.113;entryPerimeter=0;exitX=1;exitY=0.5;" edge="1" source="96" target="122" parent="1"><mxGeometry width="160" relative="1" as="geometry"><mxPoint x="660" y="20" as="sourcePoint"/><mxPoint x="820" y="20" as="targetPoint"/></mxGeometry></mxCell><mxCell id="149" value="" style="nodeType=ASSOCIATION;endArrow=open;startArrow=open;endFill=1;startFill=1;html=1;exitX=1;exitY=0.5;entryX=0;entryY=0.5;" edge="1" source="100" target="129" parent="1"><mxGeometry width="160" relative="1" as="geometry"><mxPoint x="820" y="230" as="sourcePoint"/><mxPoint x="980" y="230" as="targetPoint"/></mxGeometry></mxCell><mxCell id="150" value="" style="nodeType=ASSOCIATION;endArrow=open;startArrow=open;endFill=1;startFill=1;html=1;exitX=1;exitY=0.5;entryX=0;entryY=0.5;" edge="1" source="100" target="134" parent="1"><mxGeometry width="160" relative="1" as="geometry"><mxPoint x="1000" y="220" as="sourcePoint"/><mxPoint x="1160" y="220" as="targetPoint"/></mxGeometry></mxCell><mxCell id="151" value="Use" style="nodeType=DEPENDENCY;endArrow=open;endSize=12;dashed=1;html=1;exitX=0.506;exitY=1.024;exitPerimeter=0;entryX=0.5;entryY=0;" edge="1" source="129" target="113" parent="1"><mxGeometry width="160" relative="1" as="geometry"><mxPoint x="970" y="250" as="sourcePoint"/><mxPoint x="1130" y="250" as="targetPoint"/></mxGeometry></mxCell><mxCell id="152" value="" style="nodeType=ASSOCIATION;endArrow=open;startArrow=open;endFill=1;startFill=1;html=1;entryX=0;entryY=0.5;exitX=1;exitY=0.5;" edge="1" source="129" target="134" parent="1"><mxGeometry width="160" relative="1" as="geometry"><mxPoint x="1060" y="130" as="sourcePoint"/><mxPoint x="1220" y="130" as="targetPoint"/></mxGeometry></mxCell><mxCell id="153" value="GUI" style="swimlane;fontStyle=1;align=center;verticalAlign=top;childLayout=stackLayout;horizontal=1;startSize=26;horizontalStack=0;resizeParent=1;resizeParentMax=0;resizeLast=0;collapsible=1;marginBottom=0;swimlaneFillColor=#ffffff;nodeType=ClassNode;" vertex="1" parent="1"><mxGeometry x="440" y="-219" width="160" height="70" as="geometry"/></mxCell><mxCell id="154" value="" style="line;strokeWidth=1;fillColor=none;align=left;verticalAlign=middle;spacingTop=-1;spacingLeft=3;spacingRight=3;rotatable=0;labelPosition=right;points=[];portConstraint=eastwest;" vertex="1" parent="153"><mxGeometry y="26" width="160" height="8" as="geometry"/></mxCell><mxCell id="155" value="+ask for action&#10;+do action" style="text;strokeColor=none;fillColor=none;align=left;verticalAlign=top;spacingLeft=4;spacingRight=4;overflow=hidden;rotatable=0;points=[[0,0.5],[1,0.5]];portConstraint=eastwest;nodeType=methods;" vertex="1" parent="153"><mxGeometry y="34" width="160" height="36" as="geometry"/></mxCell><mxCell id="156" value="" style="nodeType=AGGREGATION;endArrow=none;startArrow=diamondThin;startFill=1;startSize=24;html=1;exitX=0.6;exitY=1.192;exitPerimeter=0;entryX=0.5;entryY=0;" edge="1" source="98" target="99" parent="1"><mxGeometry width="160" relative="1" as="geometry"><mxPoint x="640" y="70" as="sourcePoint"/><mxPoint x="800" y="70" as="targetPoint"/></mxGeometry></mxCell><mxCell id="157" value="Graphics" style="swimlane;fontStyle=1;align=center;verticalAlign=top;childLayout=stackLayout;horizontal=1;startSize=26;horizontalStack=0;resizeParent=1;resizeParentMax=0;resizeLast=0;collapsible=1;marginBottom=0;swimlaneFillColor=#ffffff;nodeType=ClassNode;" vertex="1" parent="1"><mxGeometry x="190" y="-310" width="160" height="74" as="geometry"/></mxCell><mxCell id="158" value="" style="line;strokeWidth=1;fillColor=none;align=left;verticalAlign=middle;spacingTop=-1;spacingLeft=3;spacingRight=3;rotatable=0;labelPosition=right;points=[];portConstraint=eastwest;" vertex="1" parent="157"><mxGeometry y="26" width="160" height="8" as="geometry"/></mxCell><mxCell id="159" value="+draw object&#10;+update" style="text;strokeColor=none;fillColor=none;align=left;verticalAlign=top;spacingLeft=4;spacingRight=4;overflow=hidden;rotatable=0;points=[[0,0.5],[1,0.5]];portConstraint=eastwest;nodeType=methods;" vertex="1" parent="157"><mxGeometry y="34" width="160" height="40" as="geometry"/></mxCell><mxCell id="160" value="Use" style="nodeType=DEPENDENCY;endArrow=open;endSize=12;dashed=1;html=1;exitX=0.019;exitY=0.75;exitPerimeter=0;entryX=1;entryY=0.5;" edge="1" source="144" target="159" parent="1"><mxGeometry width="160" relative="1" as="geometry"><mxPoint x="430" y="-400" as="sourcePoint"/><mxPoint x="590" y="-400" as="targetPoint"/></mxGeometry></mxCell><mxCell id="161" value="Use" style="nodeType=DEPENDENCY;endArrow=open;endSize=12;dashed=1;html=1;entryX=1;entryY=0.5;" edge="1" source="144" target="155" parent="1"><mxGeometry width="160" relative="1" as="geometry"><mxPoint x="500" y="-270" as="sourcePoint"/><mxPoint x="660" y="-270" as="targetPoint"/></mxGeometry></mxCell><mxCell id="162" value="" style="nodeType=DIRECTIONAL_ASSOCIATION;endArrow=open;endFill=1;startFill=1;html=1;entryX=0.406;entryY=1.05;entryPerimeter=0;exitX=1;exitY=0.5;" edge="1" source="155" target="144" parent="1"><mxGeometry width="160" relative="1" as="geometry"><mxPoint x="500" y="-270" as="sourcePoint"/><mxPoint x="660" y="-270" as="targetPoint"/></mxGeometry></mxCell><mxCell id="163" value="Use" style="nodeType=DEPENDENCY;endArrow=open;endSize=12;dashed=1;html=1;exitX=0;exitY=0.5;entryX=0.413;entryY=1.125;entryPerimeter=0;" edge="1" source="98" target="159" parent="1"><mxGeometry width="160" relative="1" as="geometry"><mxPoint x="310" as="sourcePoint"/><mxPoint x="470" as="targetPoint"/></mxGeometry></mxCell><mxCell id="164" value="Use" style="nodeType=DEPENDENCY;endArrow=open;endSize=12;dashed=1;html=1;exitX=0;exitY=0.885;exitPerimeter=0;entryX=1.025;entryY=0.7;entryPerimeter=0;" edge="1" target="159" parent="1"><mxGeometry width="160" relative="1" as="geometry"><mxPoint x="440" y="-170" as="sourcePoint"/><mxPoint x="290" y="-40" as="targetPoint"/></mxGeometry></mxCell><mxCell id="165" value="" style="nodeType=DIRECTIONAL_ASSOCIATION;endArrow=open;endFill=1;startFill=1;html=1;exitX=0.6;exitY=1.025;exitPerimeter=0;entryX=0;entryY=0.5;" edge="1" source="159" target="98" parent="1"><mxGeometry width="160" relative="1" as="geometry"><mxPoint x="230" y="-60" as="sourcePoint"/><mxPoint x="390" y="-60" as="targetPoint"/></mxGeometry></mxCell><mxCell id="166" value="Use" style="nodeType=DEPENDENCY;endArrow=open;endSize=12;dashed=1;html=1;entryX=1.013;entryY=0.225;entryPerimeter=0;exitX=0;exitY=0.5;" edge="1" source="139" target="159" parent="1"><mxGeometry width="160" relative="1" as="geometry"><mxPoint x="820" y="-550" as="sourcePoint"/><mxPoint x="980" y="-550" as="targetPoint"/></mxGeometry></mxCell><mxCell id="167" value="Menu" style="swimlane;fontStyle=1;align=center;verticalAlign=top;childLayout=stackLayout;horizontal=1;startSize=26;horizontalStack=0;resizeParent=1;resizeParentMax=0;resizeLast=0;collapsible=1;marginBottom=0;swimlaneFillColor=#ffffff;nodeType=ClassNode;" vertex="1" parent="1"><mxGeometry x="380" y="-621" width="160" height="120" as="geometry"/></mxCell><mxCell id="168" value="+ field: type" style="text;strokeColor=none;fillColor=none;align=left;verticalAlign=top;spacingLeft=4;spacingRight=4;overflow=hidden;rotatable=0;points=[[0,0.5],[1,0.5]];portConstraint=eastwest;nodeType=variables;" vertex="1" parent="167"><mxGeometry y="26" width="160" height="26" as="geometry"/></mxCell><mxCell id="169" value="" style="line;strokeWidth=1;fillColor=none;align=left;verticalAlign=middle;spacingTop=-1;spacingLeft=3;spacingRight=3;rotatable=0;labelPosition=right;points=[];portConstraint=eastwest;" vertex="1" parent="167"><mxGeometry y="52" width="160" height="8" as="geometry"/></mxCell><mxCell id="170" value="+start game&#10;+save game&#10;+load game" style="text;strokeColor=none;fillColor=none;align=left;verticalAlign=top;spacingLeft=4;spacingRight=4;overflow=hidden;rotatable=0;points=[[0,0.5],[1,0.5]];portConstraint=eastwest;nodeType=methods;" vertex="1" parent="167"><mxGeometry y="60" width="160" height="60" as="geometry"/></mxCell><mxCell id="171" value="Use" style="nodeType=DEPENDENCY;endArrow=open;endSize=12;dashed=1;html=1;exitX=0.5;exitY=0;entryX=0.513;entryY=1.05;entryPerimeter=0;" edge="1" source="153" target="170" parent="1"><mxGeometry width="160" relative="1" as="geometry"><mxPoint x="440" y="-400" as="sourcePoint"/><mxPoint x="600" y="-400" as="targetPoint"/></mxGeometry></mxCell><mxCell id="172" value="Use" style="nodeType=DEPENDENCY;endArrow=open;endSize=12;dashed=1;html=1;exitX=1;exitY=0.5;entryX=0.5;entryY=0;" edge="1" source="170" target="141" parent="1"><mxGeometry width="160" relative="1" as="geometry"><mxPoint x="560" y="-540" as="sourcePoint"/><mxPoint x="720" y="-540" as="targetPoint"/></mxGeometry></mxCell><mxCell id="173" value="" style="nodeType=DIRECTIONAL_ASSOCIATION;endArrow=open;endFill=1;startFill=1;html=1;exitX=0.663;exitY=1.033;exitPerimeter=0;entryX=0.325;entryY=0.025;entryPerimeter=0;" edge="1" source="170" target="126" parent="1"><mxGeometry width="160" relative="1" as="geometry"><mxPoint x="540" y="-470" as="sourcePoint"/><mxPoint x="700" y="-470" as="targetPoint"/></mxGeometry></mxCell><mxCell id="174" value="" style="nodeType=DIRECTIONAL_ASSOCIATION;endArrow=open;endFill=1;startFill=1;html=1;exitX=0.119;exitY=1.033;exitPerimeter=0;entryX=0.25;entryY=0;" edge="1" source="170" target="95" parent="1"><mxGeometry width="160" relative="1" as="geometry"><mxPoint x="230" y="-440" as="sourcePoint"/><mxPoint x="390" y="-440" as="targetPoint"/></mxGeometry></mxCell><mxCell id="175" value="" style="nodeType=INHERITANCE;endArrow=block;endSize=16;endFill=0;html=1;entryX=0.706;entryY=1.025;entryPerimeter=0;exitX=0.5;exitY=0;" edge="1" source="176" target="109" parent="1"><mxGeometry width="160" relative="1" as="geometry"><mxPoint x="590" y="509" as="sourcePoint"/><mxPoint x="511" y="423" as="targetPoint"/></mxGeometry></mxCell><mxCell id="176" value="Cover" style="swimlane;fontStyle=1;align=center;verticalAlign=top;childLayout=stackLayout;horizontal=1;startSize=26;horizontalStack=0;resizeParent=1;resizeParentMax=0;resizeLast=0;collapsible=1;marginBottom=0;swimlaneFillColor=#ffffff;nodeType=ClassNode;" vertex="1" parent="1"><mxGeometry x="550" y="513" width="160" height="60" as="geometry"/></mxCell><mxCell id="177" value="cover type" style="text;strokeColor=none;fillColor=none;align=left;verticalAlign=top;spacingLeft=4;spacingRight=4;overflow=hidden;rotatable=0;points=[[0,0.5],[1,0.5]];portConstraint=eastwest;nodeType=variables;" vertex="1" parent="176"><mxGeometry y="26" width="160" height="26" as="geometry"/></mxCell><mxCell id="178" value="" style="line;strokeWidth=1;fillColor=none;align=left;verticalAlign=middle;spacingTop=-1;spacingLeft=3;spacingRight=3;rotatable=0;labelPosition=right;points=[];portConstraint=eastwest;" vertex="1" parent="176"><mxGeometry y="52" width="160" height="8" as="geometry"/></mxCell><mxCell id="183" value="Loadzone" style="swimlane;fontStyle=1;align=center;verticalAlign=top;childLayout=stackLayout;horizontal=1;startSize=26;horizontalStack=0;resizeParent=1;resizeParentMax=0;resizeLast=0;collapsible=1;marginBottom=0;swimlaneFillColor=#ffffff;nodeType=ClassNode;" vertex="1" parent="1"><mxGeometry x="220" y="462" width="160" height="86" as="geometry"/></mxCell><mxCell id="184" value="+connected to" style="text;strokeColor=none;fillColor=none;align=left;verticalAlign=top;spacingLeft=4;spacingRight=4;overflow=hidden;rotatable=0;points=[[0,0.5],[1,0.5]];portConstraint=eastwest;nodeType=variables;" vertex="1" parent="183"><mxGeometry y="26" width="160" height="26" as="geometry"/></mxCell><mxCell id="185" value="" style="line;strokeWidth=1;fillColor=none;align=left;verticalAlign=middle;spacingTop=-1;spacingLeft=3;spacingRight=3;rotatable=0;labelPosition=right;points=[];portConstraint=eastwest;" vertex="1" parent="183"><mxGeometry y="52" width="160" height="8" as="geometry"/></mxCell><mxCell id="186" value="+move map" style="text;strokeColor=none;fillColor=none;align=left;verticalAlign=top;spacingLeft=4;spacingRight=4;overflow=hidden;rotatable=0;points=[[0,0.5],[1,0.5]];portConstraint=eastwest;nodeType=methods;" vertex="1" parent="183"><mxGeometry y="60" width="160" height="26" as="geometry"/></mxCell><mxCell id="187" value="" style="nodeType=DIRECTIONAL_ASSOCIATION;endArrow=open;endFill=1;startFill=1;html=1;exitX=0.306;exitY=-0.012;exitPerimeter=0;entryX=0.075;entryY=1;entryPerimeter=0;" edge="1" parent="1" source="183" target="98"><mxGeometry width="160" relative="1" as="geometry"><mxPoint x="220" y="270" as="sourcePoint"/><mxPoint x="380" y="270" as="targetPoint"/></mxGeometry></mxCell></root></mxGraphModel>